N Rounds,Total Clients,Model,Dataset,Optimizer,Learning Rate,Batch Size,Epochs,Client 1 ID,Client 1 CPU,Client 1 RAM,Client 1 Data Distribution,Client 1 Data Persistence,Client 1 Alpha Dirichlet,Client 1 JSD,Client 1 CPU Usage Avg,Client 1 RAM Usage Avg,Client 2 ID,Client 2 CPU,Client 2 RAM,Client 2 Data Distribution,Client 2 Data Persistence,Client 2 Alpha Dirichlet,Client 2 JSD,Client 2 CPU Usage Avg,Client 2 RAM Usage Avg,Client 3 ID,Client 3 CPU,Client 3 RAM,Client 3 Data Distribution,Client 3 Data Persistence,Client 3 Alpha Dirichlet,Client 3 JSD,Client 3 CPU Usage Avg,Client 3 RAM Usage Avg,Client 4 ID,Client 4 CPU,Client 4 RAM,Client 4 Data Distribution,Client 4 Data Persistence,Client 4 Alpha Dirichlet,Client 4 JSD,Client 4 CPU Usage Avg,Client 4 RAM Usage Avg,Client 5 ID,Client 5 CPU,Client 5 RAM,Client 5 Data Distribution,Client 5 Data Persistence,Client 5 Alpha Dirichlet,Client 5 JSD,Client 5 CPU Usage Avg,Client 5 RAM Usage Avg,Round 25%,Val F1 25%,Training Time Avg 25%,Communication Time Avg 25%,Total Round Time 25%,Round 50%,Val F1 50%,Training Time Avg 50%,Communication Time Avg 50%,Total Round Time 50%,Round 75%,Val F1 75%,Training Time Avg 75%,Communication Time Avg 75%,Total Round Time 75%,Avg Training Time,Avg Communication Time,Avg Total Round Time,Final Train Loss,Final Train Accuracy,Final Train F1,Final Val Loss,Final Val Accuracy,Final Val F1 (Last Round),Final Val F1 (Best),Client Selector Strategy,Client Selector Criteria,Client Selector Value,Message Compressor Alg,HDH Batch Size,HDH Beta 1,HDH Beta 2,HDH Discriminator,HDH Epochs,HDH Generator,HDH Learning Rate,HDH Latent Dim,HDH Optimizer,client_selector_pattern,message_compressor_pattern,hdh_pattern,config_id
10,5,CNN 16k,CIFAR-10,Adam,0.001,64,1,Client 1,3,2,IID,Same Data,1,nan,119.5,2.0,Client 2,3,2,IID,Same Data,1,nan,121.8,2.0,Client 3,3,2,IID,Same Data,1,nan,120.7,2.0,Client 4,3,2,non-IID,Same Data,0.5,nan,121.9,2.0,Client 5,1,2,non-IID,Same Data,0.5,nan,100.0,2.0,3,0.1866,1.7399999999999998,2.38,16.93,5,0.218,1.396,1.83,13.23,8,0.2292,1.5239999999999998,1.88,10.52,2.3406,2.0868,17.360999999999997,1.11,0.589,0.4185,3.68,0.3202,0.2452,0.2452,nan,nan,nan,nan,nan,nan,nan,nan,nan,nan,nan,nan,nan,OFF,OFF,OFF,"OFF,OFF,OFF"
10,5,CNN 16k,CIFAR-10,Adam,0.001,64,1,Client 1,3,2,IID,Same Data,1,nan,107.7,2.0,Client 2,3,2,IID,Same Data,1,nan,111.3,2.0,Client 3,3,2,IID,Same Data,1,nan,112.9,2.0,Client 4,3,2,non-IID,Same Data,0.5,nan,115.4,2.0,Client 5,1,2,non-IID,Same Data,0.5,nan,100.0,2.0,3,0.1835,9.032,1.836,47.66,5,0.2093,9.334,2.384,47.48,8,0.2356,9.368,2.362,47.58,7.734799999999999,2.2470000000000003,40.265,1.11,0.583,0.405,3.78,0.3123,0.2359,0.2359,nan,nan,nan,nan,nan,nan,nan,nan,nan,nan,nan,nan,nan,OFF,OFF,OFF,"OFF,OFF,OFF"
10,5,CNN 16k,CIFAR-10,Adam,0.001,64,1,Client 1,3,2,IID,Same Data,1,nan,113.5,2.0,Client 2,3,2,IID,Same Data,1,nan,108.3,2.0,Client 3,3,2,IID,Same Data,1,nan,110.9,2.0,Client 4,3,2,non-IID,Same Data,0.5,nan,114.6,2.0,Client 5,1,2,non-IID,Same Data,0.5,nan,100.0,2.0,3,0.1814,9.06,1.8560000000000003,47.58,5,0.2189,9.07,1.852,47.58,8,0.2429,9.372,2.3879999999999995,47.56,6.9958,2.2552000000000003,37.933,1.1,0.5908,0.4168,3.7,0.3239,0.2424,0.2429,nan,nan,nan,nan,nan,nan,nan,nan,nan,nan,nan,nan,nan,OFF,OFF,OFF,"OFF,OFF,OFF"
10,5,CNN 16k,CIFAR-10,Adam,0.001,64,1,Client 1,3,2,IID,Same Data,1,nan,115.7,2.0,Client 2,3,2,IID,Same Data,1,nan,116.8,2.0,Client 3,3,2,IID,Same Data,1,nan,109.8,2.0,Client 4,3,2,non-IID,Same Data,0.5,nan,114.6,2.0,Client 5,1,2,non-IID,Same Data,0.5,nan,100.0,2.0,3,0.1862,9.056,1.854,47.68,5,0.215,9.35,2.428,47.58,8,0.235,1.5559999999999998,1.896,10.32,7.5718,1.9424,40.438,1.1,0.5876,0.419,3.59,0.3232,0.243,0.243,nan,nan,nan,nan,nan,nan,nan,nan,nan,nan,nan,nan,nan,OFF,OFF,OFF,"OFF,OFF,OFF"
10,5,CNN 16k,CIFAR-10,Adam,0.001,64,1,Client 1,3,2,IID,Same Data,1,nan,111.3,2.0,Client 2,3,2,IID,Same Data,1,nan,120.0,2.0,Client 3,3,2,IID,Same Data,1,nan,121.4,2.0,Client 4,3,2,non-IID,Same Data,0.5,nan,109.4,2.0,Client 5,1,2,non-IID,Same Data,0.5,nan,100.1,2.0,3,0.1712,9.03,1.8340000000000003,47.78,5,0.2081,9.04,1.8500000000000003,47.78,8,0.235,9.052,1.85,47.78,6.773599999999999,1.8848,36.794,1.1,0.5893,0.4237,3.64,0.3294,0.2486,0.2486,nan,nan,nan,nan,nan,nan,nan,nan,nan,nan,nan,nan,nan,OFF,OFF,OFF,"OFF,OFF,OFF"
10,5,CNN 16k,CIFAR-10,Adam,0.001,64,1,Client 1,3,2,IID,Same Data,1,nan,125.2,2.0,Client 2,3,2,IID,Same Data,1,nan,126.3,2.0,Client 3,3,2,IID,Same Data,1,nan,117.7,2.0,Client 4,3,2,non-IID,Same Data,0.5,nan,115.4,2.0,Client 5,1,2,non-IID,Same Data,0.5,nan,nan,nan,3,0.2117,1.34,1.89,10.12,5,0.2379,1.3525,1.8875,10.02,8,0.2524,10.795,1.845,47.48,7.7315,1.88075,29.101,1.19,0.557,0.4443,5.03,0.3323,0.2571,0.2602,Resource-Based,CPU,2.0,nan,nan,nan,nan,nan,nan,nan,nan,nan,nan,ON,OFF,OFF,"ON,OFF,OFF"
10,5,CNN 16k,CIFAR-10,Adam,0.001,64,1,Client 1,3,2,IID,Same Data,1,nan,124.8,2.0,Client 2,3,2,IID,Same Data,1,nan,139.7,2.0,Client 3,3,2,IID,Same Data,1,nan,120.8,2.0,Client 4,3,2,non-IID,Same Data,0.5,nan,116.7,2.0,Client 5,1,2,non-IID,Same Data,0.5,nan,nan,nan,3,0.2073,17.212500000000002,1.8375,47.97,5,0.2326,1.425,1.8675,10.02,8,0.26,16.682499999999997,1.7825,47.97,12.1325,1.8362500000000004,36.75,1.17,0.5583,0.4515,4.64,0.3387,0.2648,0.2648,Resource-Based,CPU,2.0,nan,nan,nan,nan,nan,nan,nan,nan,nan,nan,ON,OFF,OFF,"ON,OFF,OFF"
10,5,CNN 16k,CIFAR-10,Adam,0.001,64,1,Client 1,3,2,IID,Same Data,1,nan,110.9,2.0,Client 2,3,2,IID,Same Data,1,nan,113.1,2.0,Client 3,3,2,IID,Same Data,1,nan,114.3,2.0,Client 4,3,2,non-IID,Same Data,0.5,nan,111.1,2.0,Client 5,1,2,non-IID,Same Data,0.5,nan,nan,nan,3,0.2142,10.85,1.8225,47.58,5,0.2369,10.865,1.8,47.58,8,0.2525,10.8275,1.87,47.68,8.95375,1.87575,40.428,1.17,0.5622,0.4511,4.55,0.338,0.2627,0.2627,Resource-Based,CPU,2.0,nan,nan,nan,nan,nan,nan,nan,nan,nan,nan,ON,OFF,OFF,"ON,OFF,OFF"
10,5,CNN 16k,CIFAR-10,Adam,0.001,64,1,Client 1,3,2,IID,Same Data,1,nan,124.7,2.0,Client 2,3,2,IID,Same Data,1,nan,110.5,2.0,Client 3,3,2,IID,Same Data,1,nan,121.9,2.0,Client 4,3,2,non-IID,Same Data,0.5,nan,130.1,2.0,Client 5,1,2,non-IID,Same Data,0.5,nan,nan,nan,3,0.2057,14.2775,1.8225,47.99,5,0.2273,15.925,1.8025,47.88,8,0.2447,1.365,1.885,10.12,11.462,1.85025,40.528,1.21,0.547,0.4344,4.92,0.3292,0.2552,0.2553,Resource-Based,CPU,2.0,nan,nan,nan,nan,nan,nan,nan,nan,nan,nan,ON,OFF,OFF,"ON,OFF,OFF"
10,5,CNN 16k,CIFAR-10,Adam,0.001,64,1,Client 1,3,2,IID,Same Data,1,nan,119.9,2.0,Client 2,3,2,IID,Same Data,1,nan,121.3,2.0,Client 3,3,2,IID,Same Data,1,nan,115.5,2.0,Client 4,3,2,non-IID,Same Data,0.5,nan,110.0,2.0,Client 5,1,2,non-IID,Same Data,0.5,nan,nan,nan,3,0.2118,16.745,1.7925,47.78,5,0.2387,17.7975,1.7925,47.66,8,0.2466,1.4175,1.88,10.12,9.83325,1.859,36.548,1.18,0.5595,0.4542,4.98,0.3377,0.2675,0.2675,Resource-Based,CPU,2.0,nan,nan,nan,nan,nan,nan,nan,nan,nan,nan,ON,OFF,OFF,"ON,OFF,OFF"
10,5,CNN 16k,CIFAR-10,Adam,0.001,64,1,Client 1,3,2,IID,Same Data,1,0.1699999999999999,111.1,2.8,Client 2,3,2,IID,Same Data,1,0.1699999999999999,115.1,2.8,Client 3,3,2,IID,Same Data,1,0.1699999999999999,117.6,2.9,Client 4,3,2,non-IID,Same Data,0.5,0.07,119.5,3.0,Client 5,1,2,non-IID,Same Data,0.5,0.1299999999999999,100.0,3.0,3,0.2081,8.904,1.598,51.59,5,0.2224,8.946,1.604,51.69,8,0.2372,1.63,2.0420000000000003,16.23,6.6058,1.8114,40.389,1.18,0.5402,0.4259,3.3,0.3305,0.2516,0.2516,nan,nan,nan,nan,32.0,0.5,0.999,DCGANDiscriminator,1.0,DCGANGenerator,0.0002,100.0,Adam,OFF,OFF,ON,"OFF,OFF,ON"
10,5,CNN 16k,CIFAR-10,Adam,0.001,64,1,Client 1,3,2,IID,Same Data,1,0.1699999999999999,104.1,2.9,Client 2,3,2,IID,Same Data,1,0.1699999999999999,111.9,2.7,Client 3,3,2,IID,Same Data,1,0.1699999999999999,111.2,2.8,Client 4,3,2,non-IID,Same Data,0.5,0.07,117.9,3.0,Client 5,1,2,non-IID,Same Data,0.5,0.1299999999999999,100.0,3.0,3,0.1968,8.931999999999999,1.576,47.77,5,0.2255,9.194,2.018,47.78,8,0.2483,9.178,1.9500000000000004,47.68,8.388800000000002,1.9742,44.205000000000005,1.2,0.5361,0.4156,3.33,0.3246,0.2466,0.2483,nan,nan,nan,nan,32.0,0.5,0.999,DCGANDiscriminator,1.0,DCGANGenerator,0.0002,100.0,Adam,OFF,OFF,ON,"OFF,OFF,ON"
10,5,CNN 16k,CIFAR-10,Adam,0.001,64,1,Client 1,3,2,IID,Same Data,1,0.1699999999999999,118.9,2.9,Client 2,3,2,IID,Same Data,1,0.1699999999999999,111.0,2.9,Client 3,3,2,IID,Same Data,1,0.1699999999999999,115.1,2.8,Client 4,3,2,non-IID,Same Data,0.5,0.07,117.1,3.0,Client 5,1,2,non-IID,Same Data,0.5,0.1299999999999999,100.0,3.0,3,0.1964,8.888000000000002,1.584,47.58,5,0.2281,8.882000000000001,1.5719999999999998,47.48,8,0.234,8.944000000000003,1.62,47.38,8.832799999999999,1.7563999999999995,46.818,1.21,0.5317,0.4247,3.32,0.3249,0.2458,0.2458,nan,nan,nan,nan,32.0,0.5,0.999,DCGANDiscriminator,1.0,DCGANGenerator,0.0002,100.0,Adam,OFF,OFF,ON,"OFF,OFF,ON"
10,5,CNN 16k,CIFAR-10,Adam,0.001,64,1,Client 1,3,2,IID,Same Data,1,0.1699999999999999,113.9,2.8,Client 2,3,2,IID,Same Data,1,0.1699999999999999,118.0,2.7,Client 3,3,2,IID,Same Data,1,0.1699999999999999,104.9,2.9,Client 4,3,2,non-IID,Same Data,0.5,0.07,117.8,3.0,Client 5,1,2,non-IID,Same Data,0.5,0.1299999999999999,100.0,3.0,3,0.2066,8.946000000000002,1.552,47.68,5,0.2276,8.998,1.556,47.69,8,0.2367,22.356,1.558,114.18,9.5782,1.693,50.835,1.17,0.5447,0.4401,3.54,0.3298,0.2503,0.2503,nan,nan,nan,nan,32.0,0.5,0.999,DCGANDiscriminator,1.0,DCGANGenerator,0.0002,100.0,Adam,OFF,OFF,ON,"OFF,OFF,ON"
10,5,CNN 16k,CIFAR-10,Adam,0.001,64,1,Client 1,3,2,IID,Same Data,1,0.1699999999999999,118.5,2.6,Client 2,3,2,IID,Same Data,1,0.1699999999999999,115.9,2.6,Client 3,3,2,IID,Same Data,1,0.1699999999999999,117.1,2.8,Client 4,3,2,non-IID,Same Data,0.5,0.07,116.2,3.0,Client 5,1,2,non-IID,Same Data,0.5,0.1299999999999999,100.0,3.0,3,0.2048,8.918000000000001,1.648,47.68,5,0.2237,22.274,1.574,113.97,8,0.2392,8.978,1.628,47.79,8.563799999999999,1.6411999999999998,46.235,1.2,0.5326,0.4104,3.36,0.3278,0.2453,0.247,nan,nan,nan,nan,32.0,0.5,0.999,DCGANDiscriminator,1.0,DCGANGenerator,0.0002,100.0,Adam,OFF,OFF,ON,"OFF,OFF,ON"
10,5,CNN 16k,CIFAR-10,Adam,0.001,64,1,Client 1,3,2,IID,Same Data,1,nan,111.9,2.0,Client 2,3,2,IID,Same Data,1,nan,113.4,2.0,Client 3,3,2,IID,Same Data,1,nan,116.4,2.0,Client 4,3,2,non-IID,Same Data,0.5,nan,119.8,2.0,Client 5,1,2,non-IID,Same Data,0.5,nan,100.0,2.0,3,0.1923,1.754,2.422,17.04,5,0.2184,1.7759999999999998,2.426,17.03,8,0.2391,1.766,2.406,17.03,4.6638,2.2218,30.893,1.1,0.5872,0.4269,3.71,0.3341,0.2551,0.2551,nan,nan,nan,zlib,nan,nan,nan,nan,nan,nan,nan,nan,nan,OFF,ON,OFF,"OFF,ON,OFF"
10,5,CNN 16k,CIFAR-10,Adam,0.001,64,1,Client 1,3,2,IID,Same Data,1,nan,109.7,2.0,Client 2,3,2,IID,Same Data,1,nan,111.6,2.0,Client 3,3,2,IID,Same Data,1,nan,117.5,2.0,Client 4,3,2,non-IID,Same Data,0.5,nan,116.3,2.0,Client 5,1,2,non-IID,Same Data,0.5,nan,100.0,2.0,3,0.1939,9.044,1.856,47.88,5,0.2203,9.054,1.854,47.78,8,0.2339,9.364,2.39,47.78,7.6684,2.096,40.49,1.11,0.5837,0.4149,3.7,0.317,0.2422,0.2422,nan,nan,nan,zlib,nan,nan,nan,nan,nan,nan,nan,nan,nan,OFF,ON,OFF,"OFF,ON,OFF"
10,5,CNN 16k,CIFAR-10,Adam,0.001,64,1,Client 1,3,2,IID,Same Data,1,nan,116.8,2.0,Client 2,3,2,IID,Same Data,1,nan,105.7,2.0,Client 3,3,2,IID,Same Data,1,nan,112.3,2.0,Client 4,3,2,non-IID,Same Data,0.5,nan,114.4,2.0,Client 5,1,2,non-IID,Same Data,0.5,nan,100.1,2.0,3,0.1864,9.09,1.856,47.88,5,0.2148,9.073999999999998,1.868,47.78,8,0.2437,9.378000000000002,2.382000000000001,47.78,8.4314,2.1012,44.285,1.08,0.6027,0.4324,3.46,0.3275,0.2475,0.2475,nan,nan,nan,zlib,nan,nan,nan,nan,nan,nan,nan,nan,nan,OFF,ON,OFF,"OFF,ON,OFF"
10,5,CNN 16k,CIFAR-10,Adam,0.001,64,1,Client 1,3,2,IID,Same Data,1,nan,116.6,2.0,Client 2,3,2,IID,Same Data,1,nan,118.2,2.0,Client 3,3,2,IID,Same Data,1,nan,109.0,2.0,Client 4,3,2,non-IID,Same Data,0.5,nan,106.4,2.0,Client 5,1,2,non-IID,Same Data,0.5,nan,100.0,2.0,3,0.1938,9.042,1.836,47.78,5,0.2205,9.354,2.358,47.78,8,0.2413,9.366,2.3720000000000003,47.78,8.4912,2.2406,44.192,1.1,0.5876,0.4258,3.64,0.3312,0.2519,0.2519,nan,nan,nan,zlib,nan,nan,nan,nan,nan,nan,nan,nan,nan,OFF,ON,OFF,"OFF,ON,OFF"
10,5,CNN 16k,CIFAR-10,Adam,0.001,64,1,Client 1,3,2,IID,Same Data,1,nan,118.6,2.0,Client 2,3,2,IID,Same Data,1,nan,120.4,2.0,Client 3,3,2,IID,Same Data,1,nan,122.8,2.0,Client 4,3,2,non-IID,Same Data,0.5,nan,106.0,2.0,Client 5,1,2,non-IID,Same Data,0.5,nan,100.0,2.0,3,0.1775,8.989999999999998,1.8340000000000003,47.68,5,0.2106,8.996,1.836,47.69,8,0.2353,9.028000000000002,1.834,47.68,7.493600000000002,1.8598,40.46,1.1,0.5959,0.424,3.63,0.3222,0.2443,0.2443,nan,nan,nan,zlib,nan,nan,nan,nan,nan,nan,nan,nan,nan,OFF,ON,OFF,"OFF,ON,OFF"
10,5,squeezenet1_1,CIFAR-10,Adam,0.001,64,1,Client 1,3,2,IID,Same Data,1,nan,137.6,2.0,Client 2,3,2,IID,Same Data,1,nan,138.7,2.0,Client 3,3,2,IID,Same Data,1,nan,150.5,2.0,Client 4,3,2,non-IID,Same Data,0.5,nan,148.9,2.0,Client 5,1,2,non-IID,Same Data,0.5,nan,100.0,2.0,3,0.2832,6.114,2.91,24.26,5,0.3145,6.21,2.83,24.25,8,0.356,88.97,2.214,436.58,55.8464,2.5414,270.999,0.64,0.7818,0.6124,2.42,0.4472,0.3547,0.3563,nan,nan,nan,nan,nan,nan,nan,nan,nan,nan,nan,nan,nan,OFF,OFF,OFF,"OFF,OFF,OFF"
10,5,squeezenet1_1,CIFAR-10,Adam,0.001,64,1,Client 1,3,2,IID,Same Data,1,nan,137.1,2.0,Client 2,3,2,IID,Same Data,1,nan,140.8,2.0,Client 3,3,2,IID,Same Data,1,nan,144.3,2.0,Client 4,3,2,non-IID,Same Data,0.5,nan,143.7,2.0,Client 5,1,2,non-IID,Same Data,0.5,nan,100.0,2.0,3,0.2651,89.294,2.194,432.18,5,0.3036,6.1,2.348,16.66,8,0.3437,89.84799999999998,2.7580000000000005,432.09,64.528,2.518,307.699,0.63,0.7879,0.6293,2.61,0.46,0.3702,0.3702,nan,nan,nan,nan,nan,nan,nan,nan,nan,nan,nan,nan,nan,OFF,OFF,OFF,"OFF,OFF,OFF"
10,5,squeezenet1_1,CIFAR-10,Adam,0.001,64,1,Client 1,3,2,IID,Same Data,1,nan,148.8,2.0,Client 2,3,2,IID,Same Data,1,nan,146.4,2.0,Client 3,3,2,IID,Same Data,1,nan,134.4,2.0,Client 4,3,2,non-IID,Same Data,0.5,nan,134.2,2.0,Client 5,1,2,non-IID,Same Data,0.5,nan,100.0,2.0,3,0.2704,89.364,2.192,432.07,5,0.3183,89.31400000000001,2.1979999999999995,432.18,8,0.3501,89.95,2.75,432.07,81.26140000000001,2.4922,390.779,0.61,0.7934,0.6396,2.49,0.4654,0.3727,0.3727,nan,nan,nan,nan,nan,nan,nan,nan,nan,nan,nan,nan,nan,OFF,OFF,OFF,"OFF,OFF,OFF"
10,5,squeezenet1_1,CIFAR-10,Adam,0.001,64,1,Client 1,3,2,IID,Same Data,1,nan,149.3,2.0,Client 2,3,2,IID,Same Data,1,nan,152.6,2.0,Client 3,3,2,IID,Same Data,1,nan,135.7,2.0,Client 4,3,2,non-IID,Same Data,0.5,nan,151.8,2.0,Client 5,1,2,non-IID,Same Data,0.5,nan,100.0,2.0,3,0.2645,89.36200000000001,2.182,431.92,5,0.3163,89.536,2.21,431.67,8,0.3345,89.386,2.206,431.76,72.73079999999999,2.2514,348.954,0.63,0.7882,0.6123,2.62,0.4518,0.3548,0.3548,nan,nan,nan,nan,nan,nan,nan,nan,nan,nan,nan,nan,nan,OFF,OFF,OFF,"OFF,OFF,OFF"
10,5,squeezenet1_1,CIFAR-10,Adam,0.001,64,1,Client 1,3,2,IID,Same Data,1,nan,152.8,2.0,Client 2,3,2,IID,Same Data,1,nan,153.5,2.0,Client 3,3,2,IID,Same Data,1,nan,151.0,2.0,Client 4,3,2,non-IID,Same Data,0.5,nan,135.5,2.0,Client 5,1,2,non-IID,Same Data,0.5,nan,100.0,2.0,3,0.292,89.18,2.2020000000000004,432.28,5,0.3257,89.116,2.232,432.29,8,0.3539,89.224,2.21,432.3,64.20459999999999,2.3074000000000003,308.057,0.63,0.7937,0.6298,2.65,0.462,0.3668,0.3668,nan,nan,nan,nan,nan,nan,nan,nan,nan,nan,nan,nan,nan,OFF,OFF,OFF,"OFF,OFF,OFF"
10,5,squeezenet1_1,CIFAR-10,Adam,0.001,64,1,Client 1,3,2,IID,Same Data,1,nan,138.5,2.0,Client 2,3,2,IID,Same Data,1,nan,150.5,2.0,Client 3,3,2,IID,Same Data,1,nan,134.5,2.0,Client 4,3,2,non-IID,Same Data,0.5,nan,134.9,2.0,Client 5,1,2,non-IID,Same Data,0.5,nan,nan,nan,3,0.2717,5.154999999999999,2.3075,14.95,5,0.3231,109.4425,2.1975,431.58,8,0.3722,109.925,2.12,431.35,83.0305,2.22125,307.934,0.63,0.7881,0.6861,2.54,0.4765,0.3898,0.3898,Resource-Based,CPU,2.0,nan,nan,nan,nan,nan,nan,nan,nan,nan,nan,ON,OFF,OFF,"ON,OFF,OFF"
10,5,squeezenet1_1,CIFAR-10,Adam,0.001,64,1,Client 1,3,2,IID,Same Data,1,nan,153.2,2.0,Client 2,3,2,IID,Same Data,1,nan,152.2,2.0,Client 3,3,2,IID,Same Data,1,nan,151.7,2.0,Client 4,3,2,non-IID,Same Data,0.5,nan,156.3,2.0,Client 5,1,2,non-IID,Same Data,0.5,nan,nan,nan,3,0.3162,109.48,2.2325,431.85,5,0.3382,5.52,2.335,15.06,8,0.3775,5.5,2.34,15.04,47.0835,2.29125,181.972,0.62,0.7897,0.6835,2.83,0.4797,0.3885,0.3885,Resource-Based,CPU,2.0,nan,nan,nan,nan,nan,nan,nan,nan,nan,nan,ON,OFF,OFF,"ON,OFF,OFF"
10,5,squeezenet1_1,CIFAR-10,Adam,0.001,64,1,Client 1,3,2,IID,Same Data,1,nan,128.4,2.0,Client 2,3,2,IID,Same Data,1,nan,142.3,2.0,Client 3,3,2,IID,Same Data,1,nan,135.7,2.0,Client 4,3,2,non-IID,Same Data,0.5,nan,145.5,2.0,Client 5,1,2,non-IID,Same Data,0.5,nan,nan,nan,3,0.3282,109.6575,2.1475,432.28,5,0.3555,109.765,2.2025,432.26,8,0.3728,109.88,2.22,432.33,78.4805,2.2565,307.42600000000004,0.6,0.7979,0.6927,2.42,0.4838,0.3928,0.3928,Resource-Based,CPU,2.0,nan,nan,nan,nan,nan,nan,nan,nan,nan,nan,ON,OFF,OFF,"ON,OFF,OFF"
10,5,squeezenet1_1,CIFAR-10,Adam,0.001,64,1,Client 1,3,2,IID,Same Data,1,nan,131.9,2.0,Client 2,3,2,IID,Same Data,1,nan,148.2,2.0,Client 3,3,2,IID,Same Data,1,nan,143.8,2.0,Client 4,3,2,non-IID,Same Data,0.5,nan,151.7,2.0,Client 5,1,2,non-IID,Same Data,0.5,nan,nan,nan,3,0.2954,5.387500000000001,2.2725,15.05,5,0.342,109.4,2.1525000000000003,432.37,8,0.3728,110.04999999999998,2.1575,432.16,78.3685,2.2292500000000004,307.254,0.68,0.7665,0.6619,2.44,0.4703,0.3796,0.3796,Resource-Based,CPU,2.0,nan,nan,nan,nan,nan,nan,nan,nan,nan,nan,ON,OFF,OFF,"ON,OFF,OFF"
10,5,squeezenet1_1,CIFAR-10,Adam,0.001,64,1,Client 1,3,2,IID,Same Data,1,nan,147.7,2.0,Client 2,3,2,IID,Same Data,1,nan,152.9,2.0,Client 3,3,2,IID,Same Data,1,nan,150.9,2.0,Client 4,3,2,non-IID,Same Data,0.5,nan,140.8,2.0,Client 5,1,2,non-IID,Same Data,0.5,nan,nan,nan,3,0.217,169.8675,2.1225,433.88,5,0.3099,5.215,2.345,14.77,8,0.3554,109.5425,2.16,431.76,63.97675,2.23125,225.17200000000005,0.64,0.7747,0.6709,2.74,0.4778,0.3858,0.3858,Resource-Based,CPU,2.0,nan,nan,nan,nan,nan,nan,nan,nan,nan,nan,ON,OFF,OFF,"ON,OFF,OFF"
10,5,squeezenet1_1,CIFAR-10,Adam,0.001,64,1,Client 1,3,2,IID,Same Data,1,0.1699999999999999,145.4,2.7,Client 2,3,2,IID,Same Data,1,0.1699999999999999,141.8,2.6,Client 3,3,2,IID,Same Data,1,0.1699999999999999,134.9,2.7,Client 4,3,2,non-IID,Same Data,0.5,0.07,152.3,3.0,Client 5,1,2,non-IID,Same Data,0.5,0.1299999999999999,100.0,3.0,3,0.2444,90.778,2.008,432.51,5,0.28,90.754,2.102,436.03,8,0.3376,8.126,2.414,28.17,98.1604,2.1772,474.289,0.88,0.6762,0.5499,2.59,0.4369,0.34,0.3435,nan,nan,nan,nan,32.0,0.5,0.999,DCGANDiscriminator,1.0,DCGANGenerator,0.0002,100.0,Adam,OFF,OFF,ON,"OFF,OFF,ON"
10,5,squeezenet1_1,CIFAR-10,Adam,0.001,64,1,Client 1,3,2,IID,Same Data,1,0.16999999999999998,133.4,2.8,Client 2,3,2,IID,Same Data,1,0.16999999999999998,133.1,2.9,Client 3,3,2,IID,Same Data,1,0.16999999999999998,147.3,2.8,Client 4,3,2,non-IID,Same Data,0.5,0.07000000000000002,166.5,3.0,Client 5,1,2,non-IID,Same Data,0.5,0.12999999999999998,100.0,3.0,3,0.2455,91.11399999999999,2.2220000000000004,432.02,5,0.3203,91.356,2.226,431.98,8,0.3321,251.66199999999998,1.9460000000000002,1237.82,114.78140000000002,2.0998,552.425,0.85,0.689,0.57,2.65,0.4457,0.3495,0.3495,nan,nan,nan,nan,32.0,0.5,0.999,DCGANDiscriminator,1.0,DCGANGenerator,0.0002,100.0,Adam,OFF,OFF,ON,"OFF,OFF,ON"
